{
  "meta": {
    "method": "AF by rsID (1000G EUR map)",
    "generatedAt": "2025-08-11T08:38:00.609Z",
    "pgsCount": 42
  },
  "scores": {
    "PGS000127": {
      "mu": 0.2587333333333333,
      "sd": 0.08168870450952471,
      "used": 21
    },
    "PGS000128": {
      "mu": -0.15436666666666665,
      "sd": 0.26728476595404965,
      "used": 22
    },
    "PGS000129": {
      "mu": 0.08856666666666667,
      "sd": 0.0461055497985028,
      "used": 17
    },
    "PGS000130": {
      "mu": 0.17226666666666665,
      "sd": 0.044493957142765155,
      "used": 19
    },
    "PGS000131": {
      "mu": 0.1435,
      "sd": 0.060545175970785105,
      "used": 19
    },
    "PGS000132": {
      "mu": 0.16647,
      "sd": 0.05117807999741903,
      "used": 19
    },
    "PGS000304": {
      "mu": 0.49976537,
      "sd": 0.10212850418165849,
      "used": 43
    },
    "PGS000061": {
      "mu": -0.12859666666666666,
      "sd": 0.31498188908253116,
      "used": 37
    },
    "PGS000065": {
      "mu": -0.11828905000000006,
      "sd": 0.2986278829499485,
      "used": 101
    },
    "PGS000115": {
      "mu": 0.2872473299999996,
      "sd": 0.444539177464136,
      "used": 223
    },
    "PGS000310": {
      "mu": -0.9950999999999993,
      "sd": 1.7632636701740207,
      "used": 191
    },
    "PGS000340": {
      "mu": 1.0826999999999998,
      "sd": 0.2679829876441164,
      "used": 28
    },
    "PGS000661": {
      "mu": 3.144932666666666,
      "sd": 0.5009932621346651,
      "used": 83
    },
    "PGS000060": {
      "mu": 0.30309666666666657,
      "sd": 0.3062355081106334,
      "used": 46
    },
    "PGS000064": {
      "mu": 0.43455049999999984,
      "sd": 0.34838702328097687,
      "used": 119
    },
    "PGS000309": {
      "mu": 3.1612666666666667,
      "sd": 1.7383838046364277,
      "used": 246
    },
    "PGS000660": {
      "mu": 14.982726000000005,
      "sd": 0.8779937474976686,
      "used": 543
    },
    "PGS000063": {
      "mu": -0.0012666666666666885,
      "sd": 0.29263142084654314,
      "used": 32
    },
    "PGS000066": {
      "mu": 0.05414910333333331,
      "sd": 0.3010962181923803,
      "used": 100
    },
    "PGS000312": {
      "mu": -2.0533,
      "sd": 1.545668299366545,
      "used": 189
    },
    "PGS000659": {
      "mu": 5.2571840000000005,
      "sd": 0.5824964757146605,
      "used": 142
    },
    "PGS000010": {
      "mu": 2.3082714235362665,
      "sd": 0.49687975251874655,
      "used": 26
    },
    "PGS000011": {
      "mu": 2.8534025776883114,
      "sd": 0.48493970272603765,
      "used": 49
    },
    "PGS000012": {
      "mu": 506.6537978000045,
      "sd": 2.9799706874718983,
      "used": 49288
    },
    "PGS000019": {
      "mu": 6.44419136666667,
      "sd": 0.6776330914695533,
      "used": 168
    },
    "PGS000057": {
      "mu": 2.894999999999999,
      "sd": 0.43292897800909563,
      "used": 57
    },
    "PGS000058": {
      "mu": 8.65855486484022,
      "sd": 0.799274515917005,
      "used": 200
    },
    "PGS000059": {
      "mu": 3.2096666666666662,
      "sd": 0.5831557348694353,
      "used": 46
    },
    "PGS000116": {
      "mu": 1.2877157997200008,
      "sd": 0.14277500412315747,
      "used": 40065
    },
    "PGS000200": {
      "mu": 2.181261130110823,
      "sd": 0.48689381580610797,
      "used": 28
    },
    "PGS000337": {
      "mu": null,
      "sd": null,
      "used": 0
    },
    "PGS000349": {
      "mu": 1.5591053524864953,
      "sd": 0.6072490002492961,
      "used": 70
    },
    "PGS000301": {
      "mu": 135.3661400666668,
      "sd": 5.388855580587874,
      "used": 969
    },
    "PGS002009": {
      "mu": 1.2103912264700172,
      "sd": 3.5102107637178275,
      "used": 68446
    },
    "PGS000062": {
      "mu": -0.12933999999999996,
      "sd": 0.3323691888213734,
      "used": 52
    },
    "PGS000311": {
      "mu": -0.08760000000000073,
      "sd": 1.6214750702164162,
      "used": 230
    },
    "PGS000658": {
      "mu": 4.9275573333333345,
      "sd": 0.41819005260168485,
      "used": 228
    },
    "PGS000677": {
      "mu": -0.02444122393495253,
      "sd": 0.08955806849697337,
      "used": 17017
    },
    "PGS000314": {
      "mu": 2.9145515533333333,
      "sd": 0.4799151936324091,
      "used": 76
    },
    "PGS000675": {
      "mu": -0.0711057333017072,
      "sd": 0.451836671040223,
      "used": 17124
    },
    "PGS000302": {
      "mu": 76.53021523333334,
      "sd": 3.233670624933117,
      "used": 961
    },
    "PGS001900": {
      "mu": 2.3391654498420618,
      "sd": 1.928035131724617,
      "used": 66330
    }
  }
}